{
  "hackers": [
    {
      "id": "0bf594d6-2d36-47de-af83-91c0c816a905",
      "name": "Ignacio",
      "dob": "1956-12-07T15:30:00.333Z",
      "address": "7269 Bradtke Coves",
      "cityStateZip": "West Cade, Tennessee 36631",
      "avatar": "https://s3.amazonaws.com/uifaces/faces/twitter/ninjad3m0/128.jpg",
      "phone": "(367) 277-3869",
      "statusMessage": "We need to back up the digital SSL port!",
      "specialty": "calculating feed",
      "ip": "173.68.118.11",
      "email": "Ignacio_Littel.Haag@gmail.com",
      "password": "kxHxzucqwmvV3y9",
      "status": "safe"
    },
    {
      "id": "70dd6f38-fd14-4dfd-bd43-3b07586ce49e",
      "name": "Price",
      "dob": "1960-06-01T11:01:12.720Z",
      "address": "85066 Ona Shores",
      "cityStateZip": "Cartwrightview, South Carolina 24722",
      "avatar": "https://s3.amazonaws.com/uifaces/faces/twitter/ashocka18/128.jpg",
      "phone": "(775) 232-7260",
      "statusMessage": "Use the optical RAM pixel, then you can navigate the online protocol!",
      "specialty": "bypassing pixel",
      "ip": "187.154.44.205",
      "email": "Price.Donnelly9_Thompson37@gmail.com",
      "password": "ttRXuJjmsm9NLdG",
      "status": "warning"
    },
    {
      "id": "762d0945-bfab-4b47-ac3f-7d9d909a1075",
      "name": "Monica",
      "dob": "1972-08-23T15:22:34.694Z",
      "address": "7557 Flatley Well",
      "cityStateZip": "Lebsackport, Minnesota 33620-5654",
      "avatar": "https://s3.amazonaws.com/uifaces/faces/twitter/oktayelipek/128.jpg",
      "phone": "(309) 006-4485",
      "statusMessage":
        "You can't quantify the interface without programming the neural COM matrix!",
      "specialty": "copying array",
      "ip": "194.74.47.30",
      "email": "Monica_Kub27@hotmail.com",
      "password": "8Kpdl3v5t7q8nDA",
      "status": "safe"
    },
    {
      "id": "80c8b1ad-3bff-4713-ab87-3cff9dc9fa0d",
      "name": "Gregg",
      "dob": "1980-10-04T21:35:51.869Z",
      "address": "975 Jayme Pass",
      "cityStateZip": "West Lizeth, Michigan 98486",
      "avatar": "https://s3.amazonaws.com/uifaces/faces/twitter/travis_arnold/128.jpg",
      "phone": "(217) 365-6272",
      "statusMessage": "I'll transmit the online HDD transmitter, that should bus the XML driver!",
      "specialty": "quantifying sensor",
      "ip": "73.226.119.184",
      "email": "Gregg_Bode2157@yahoo.com",
      "password": "qP8kz1FmKlUugcF",
      "status": "danger"
    },
    {
      "id": "f1b2e9bf-2794-4ccf-a869-9ddb93478f70",
      "name": "Kathlyn",
      "dob": "1977-09-03T10:41:20.434Z",
      "address": "884 Terrill Pines",
      "cityStateZip": "Sophiaton, Nevada 85879-3435",
      "avatar": "https://s3.amazonaws.com/uifaces/faces/twitter/mslarkina/128.jpg",
      "phone": "(851) 416-3782",
      "statusMessage": "You can't program the bus without bypassing the redundant RSS circuit!",
      "specialty": "generating protocol",
      "ip": "198.18.111.138",
      "email": "Kathlyn_Predovic_Cole@yahoo.com",
      "password": "VV4YWbZTjbt0b9c",
      "status": "safe"
    },
    {
      "id": "dede14f9-dedb-4862-857d-f3c2015dcd56",
      "name": "Ricky",
      "dob": "1953-03-26T00:12:42.110Z",
      "address": "087 Ariane Park",
      "cityStateZip": "Emardborough, Maine 30850",
      "avatar": "https://s3.amazonaws.com/uifaces/faces/twitter/stefanozoffoli/128.jpg",
      "phone": "(674) 331-5468",
      "statusMessage": "You can't back up the firewall without navigating the optical EXE bus!",
      "specialty": "hacking pixel",
      "ip": "234.199.57.0",
      "email": "Ricky.Kohler_Gleichner@yahoo.com",
      "password": "9t2b8cVyhXaEgI3",
      "status": "safe"
    },
    {
      "id": "52ca5073-810e-4eed-9de1-4c41c2cd299b",
      "name": "Raymond",
      "dob": "1947-03-29T23:52:27.469Z",
      "address": "113 Pollich Glen",
      "cityStateZip": "New Luz, Oklahoma 21142",
      "avatar": "https://s3.amazonaws.com/uifaces/faces/twitter/hjartstrorn/128.jpg",
      "phone": "(247) 531-2390",
      "statusMessage":
        "The GB sensor is down, synthesize the mobile bus so we can parse the SMTP program!",
      "specialty": "parsing array",
      "ip": "166.58.100.137",
      "email": "Raymond68.Becker75@gmail.com",
      "password": "9f99242OM9rXQ1q",
      "status": "safe"
    },
    {
      "id": "59cd0cdd-e103-4c53-9d55-eff8e5a7cec3",
      "name": "Berry",
      "dob": "1942-11-06T23:20:47.195Z",
      "address": "455 Connelly Valley",
      "cityStateZip": "Port Bernadettefort, Tennessee 06171",
      "avatar": "https://s3.amazonaws.com/uifaces/faces/twitter/andrewabogado/128.jpg",
      "phone": "(509) 805-0716",
      "statusMessage":
        "hacking the alarm won't do anything, we need to compress the solid state AGP driver!",
      "specialty": "navigating matrix",
      "ip": "11.67.77.221",
      "email": "Berry_Nitzsche80_Tromp@gmail.com",
      "password": "HV3WlXuUpIsLmhB",
      "status": "danger"
    },
    {
      "id": "74dd0e28-43e8-48c5-a3d0-cda559ab3f85",
      "name": "Jennifer",
      "dob": "1981-09-15T02:29:58.764Z",
      "address": "003 Ezequiel Heights",
      "cityStateZip": "Littlefurt, Wyoming 76499",
      "avatar": "https://s3.amazonaws.com/uifaces/faces/twitter/fran_mchamy/128.jpg",
      "phone": "(895) 627-7955",
      "statusMessage":
        "If we input the panel, we can get to the HTTP driver through the multi-byte JBOD program!",
      "specialty": "quantifying bandwidth",
      "ip": "180.148.20.153",
      "email": "Jennifer_Schulist72.Kuhic79@hotmail.com",
      "password": "5b2QB1n2wHSIRCD",
      "status": "safe"
    },
    {
      "id": "77820b4b-7097-4504-a542-070f6f60aaf0",
      "name": "Rashad",
      "dob": "1992-05-15T09:19:11.930Z",
      "address": "81100 Darrin River",
      "cityStateZip": "New Justinemouth, New Hampshire 97071",
      "avatar": "https://s3.amazonaws.com/uifaces/faces/twitter/ovall/128.jpg",
      "phone": "(867) 800-4933",
      "statusMessage": "You can't parse the monitor without bypassing the online SQL protocol!",
      "specialty": "copying interface",
      "ip": "170.107.118.196",
      "email": "Rashad6714@yahoo.com",
      "password": "EmgNoJKiCDp6PyB",
      "status": "safe"
    },
    {
      "id": "d6481a8a-01b2-409f-a69c-9ddaa1e3fe12",
      "name": "Reva",
      "dob": "1953-06-23T03:16:30.257Z",
      "address": "18579 Cristian Ville",
      "cityStateZip": "Wildermanland, New Mexico 72372",
      "avatar": "https://s3.amazonaws.com/uifaces/faces/twitter/buryaknick/128.jpg",
      "phone": "(349) 366-4076",
      "statusMessage":
        "You can't quantify the driver without overriding the open-source PNG firewall!",
      "specialty": "quantifying bus",
      "ip": "34.43.120.143",
      "email": "Reva38.Tremblay@gmail.com",
      "password": "j7RHNP2cvSM1T2X",
      "status": "safe"
    },
    {
      "id": "ad28611d-a837-4fd8-bcd9-932d0bc8d488",
      "name": "Nettie",
      "dob": "1948-07-01T07:53:39.348Z",
      "address": "530 Wehner Rue",
      "cityStateZip": "Lake Kaia, Indiana 38367-7601",
      "avatar": "https://s3.amazonaws.com/uifaces/faces/twitter/iamkeithmason/128.jpg",
      "phone": "(349) 366-4076",
      "statusMessage":
        "Try to back up the SMS application, maybe it will program the solid state hard drive!",
      "specialty": "hacking application",
      "ip": "25.247.161.190",
      "email": "Nettie.Kunde64_Waelchi27@gmail.com",
      "password": "6R2HjXBtVbz_F8g",
      "status": "safe"
    },
    {
      "id": "cc8cf8c7-b973-417d-882d-22dab708b7bf",
      "name": "Lonzo",
      "dob": "1975-04-03T13:04:00.277Z",
      "address": "27054 Lauryn Route",
      "cityStateZip": "Lake Eulaville, Ohio 63914-5436",
      "avatar": "https://s3.amazonaws.com/uifaces/faces/twitter/mcflydesign/128.jpg",
      "phone": "(930) 552-0756",
      "statusMessage":
        "If we quantify the port, we can get to the JSON matrix through the neural SQL matrix!",
      "specialty": "hacking driver",
      "ip": "12.95.227.131",
      "email": "Lonzo.Hauck70@gmail.com",
      "password": "DGcaX7l8fbTm_hs",
      "status": "safe"
    },
    {
      "id": "93d3a6cc-6aa5-4081-90df-1c3c6c77a976",
      "name": "Conrad",
      "dob": "1955-02-17T17:47:56.889Z",
      "address": "11335 Medhurst Inlet",
      "cityStateZip": "Wunschville, Louisiana 57457-4621",
      "avatar": "https://s3.amazonaws.com/uifaces/faces/twitter/erwanhesry/128.jpg",
      "phone": "(567) 529-9424",
      "statusMessage": "Try to transmit the SQL pixel, maybe it will hack the virtual panel!",
      "specialty": "transmitting matrix",
      "ip": "24.149.70.237",
      "email": "Conrad.Trantow7.Schumm18@gmail.com",
      "password": "Bg86aWiTcOuyrNI",
      "status": "warning"
    },
    {
      "id": "c4c2ce6f-155a-46df-92ec-783225c3cd46",
      "name": "Ewell",
      "dob": "1985-11-07T05:26:11.559Z",
      "address": "8977 Kuhn Trail",
      "cityStateZip": "Weimannfort, Hawaii 48533",
      "avatar": "https://s3.amazonaws.com/uifaces/faces/twitter/chaensel/128.jpg",
      "phone": "(162) 394-6710",
      "statusMessage": "Try to bypass the COM microchip, maybe it will back up the 1080p circuit!",
      "specialty": "hacking card",
      "ip": "215.220.233.169",
      "email": "Ewell3.Johns39@hotmail.com",
      "password": "Bys13msX_j8Ukdx",
      "status": "safe"
    },
    {
      "id": "8a3c9de1-626e-470d-b133-f0086ceee71e",
      "name": "Giovanna",
      "dob": "1951-07-29T07:58:23.213Z",
      "address": "56202 Hettinger Fort",
      "cityStateZip": "Nikoport, Wisconsin 49925-6025",
      "avatar": "https://s3.amazonaws.com/uifaces/faces/twitter/renbyrd/128.jpg",
      "phone": "(973) 357-9947",
      "statusMessage": "Use the virtual JSON driver, then you can parse the back-end system!",
      "specialty": "copying interface",
      "ip": "31.117.147.145",
      "email": "Giovanna.Kshlerin12_Schuster@hotmail.com",
      "password": "rooDKKQdfFQhRDt",
      "status": "safe"
    },
    {
      "id": "c077a13f-c3c5-46d5-9922-2c7f02b4c724",
      "name": "Jalen",
      "dob": "1970-08-15T13:05:23.337Z",
      "address": "3864 Nickolas Gardens",
      "cityStateZip": "North Wilhelmview, Vermont 70101-3960",
      "avatar": "https://s3.amazonaws.com/uifaces/faces/twitter/nehfy/128.jpg",
      "phone": "(965) 712-1117",
      "statusMessage":
        "transmitting the matrix won't do anything, we need to copy the back-end XSS interface!",
      "specialty": "overriding hard drive",
      "ip": "81.104.125.240",
      "email": "Jalen_Vandervort70@hotmail.com",
      "password": "iBWRecaxMKHhDjS",
      "status": "danger"
    },
    {
      "id": "2a97a5d3-a31d-415b-aece-22c301638c3f",
      "name": "Daren",
      "dob": "1969-05-22T12:20:09.258Z",
      "address": "2157 Ima Turnpike",
      "cityStateZip": "New Nelsonhaven, New Hampshire 38229-4054",
      "avatar": "https://s3.amazonaws.com/uifaces/faces/twitter/xalionmalik/128.jpg",
      "phone": "(207) 031-7324",
      "statusMessage": "We need to index the bluetooth HDD array!",
      "specialty": "connecting monitor",
      "ip": "228.76.132.100",
      "email": "Daren_Dooley_Quigley42@gmail.com",
      "password": "jcbrps4FGaYUqoW",
      "status": "safe"
    },
    {
      "id": "3f1c9ad7-c26f-45a0-ae52-0c76b5ae3ae5",
      "name": "Karina",
      "dob": "1961-06-03T16:52:17.635Z",
      "address": "436 Lind Course",
      "cityStateZip": "Port Samara, New Mexico 68804",
      "avatar": "https://s3.amazonaws.com/uifaces/faces/twitter/superoutman/128.jpg",
      "phone": "(696) 435-4693",
      "statusMessage":
        "If we copy the circuit, we can get to the THX pixel through the bluetooth SCSI pixel!",
      "specialty": "transmitting transmitter",
      "ip": "144.45.203.250",
      "email": "Karina.Kuhlman80@yahoo.com",
      "password": "LQlwBlWVBQAHlA8",
      "status": "safe"
    },
    {
      "id": "ada8a614-58ff-4d64-bc94-8f3ec5976b73",
      "name": "Scarlet",
      "dob": "1989-07-06T14:17:07.564Z",
      "address": "2799 Bernie Isle",
      "cityStateZip": "North Katheryn, New Mexico 90782-2782",
      "avatar": "https://s3.amazonaws.com/uifaces/faces/twitter/thaisselenator_/128.jpg",
      "phone": "(573) 633-0461",
      "statusMessage":
        "hacking the bandwidth won't do anything, we need to generate the 1080p IB application!",
      "specialty": "overriding panel",
      "ip": "159.207.160.147",
      "email": "Scarlet3_Roberts@hotmail.com",
      "password": "_HyqwgUuyC655iq",
      "status": "safe"
    }
  ]
}
